No.,ID,TIMESTAMP
1,12349,1745521816446
2,28368,1745521821447
3,20782,1745521826450
4,8839,1745521831449
5,23746,1745521836450
6,22575,1745521841451
7,3545,1745521846453
8,28819,1745521851458
9,14334,1745521856461
10,14687,1745521861462
11,11221,1745521866465
12,13960,1745521871469
13,29777,1745521876473
14,24833,1745521881477
15,23860,1745521886477
16,19949,1745521891479
17,12783,1745521896483
18,28013,1745521901484
19,939,1745521906488
20,9384,1745521911488
21,9051,1745521916490
22,14418,1745521921489
23,213,1745521926491
24,12766,1745521931493
25,19193,1745521936495
26,12175,1745521941495
27,15675,1745521946497
28,12849,1745521951499
29,841,1745521956503
30,9185,1745521961505
31,19673,1745521966505
32,16237,1745521971509
33,10026,1745521976512
34,4183,1745521981514
35,9039,1745521986515
36,14393,1745521991517
37,4371,1745521996522
38,17998,1745522001527
39,13297,1745522006526
40,21835,1745522011528
41,16742,1745522016531
42,10776,1745522021533
43,28819,1745522026536
44,3349,1745522031538
45,15752,1745522036539
46,11070,1745522041541
47,11800,1745522046545
48,22826,1745522051549
49,201,1745522056551
50,17062,1745522061552
51,4731,1745522066553
52,9549,1745522071554
53,9062,1745522076558
54,27756,1745522081560
55,26333,1745522086560
56,25267,1745522091564
57,7629,1745522096565
58,6803,1745522101566
59,9609,1745522106570
60,7390,1745522111571
61,20366,1745522116576
62,6849,1745522121577
63,8979,1745522126579
64,12178,1745522131581
65,23012,1745522136582
66,26685,1745522141585
67,12431,1745522146587
68,7806,1745522151593
69,17910,1745522156592
70,27719,1745522161593
71,10494,1745522166597
72,1017,1745522171600
73,13980,1745522176600
74,7010,1745522181604
75,21964,1745522186604
76,1359,1745522191605
77,25545,1745522196609
78,7403,1745522201610
79,24793,1745522206612
80,14166,1745522211612
81,16912,1745522216612
82,24503,1745522221613
83,20031,1745522226614
84,23947,1745522231618
85,11385,1745522236621
86,9958,1745522241622
87,17599,1745522246622
88,20919,1745522251623
89,21711,1745522256625
90,21980,1745522261628
91,18511,1745522266632
92,3704,1745522271637
93,14859,1745522276637
94,8587,1745522281639
95,477,1745522286641
96,25665,1745522291643
97,9217,1745522296648
98,11208,1745522301654
99,21591,1745522306655
100,2588,1745522311660
101,4347,1745522316665
102,16888,1745522321669
103,15331,1745522326673
104,13838,1745522331678
105,267,1745522336679
106,13189,1745522341684
107,20930,1745522346686
108,15448,1745522351690
109,22509,1745522356695
110,8913,1745522361700
111,18725,1745522366701
112,10973,1745522371706
113,1551,1745522376712
114,16634,1745522381715
115,15050,1745522386720
116,1907,1745522391720
117,18643,1745522396721
118,4978,1745522401725
119,7034,1745522406730
120,23469,1745522411733
121,12138,1745522416737
122,2406,1745522421739
123,26995,1745522426740
124,6794,1745522431745
125,15953,1745522436746
126,13909,1745522441750
127,29532,1745522446755
128,17138,1745522451760
129,17481,1745522456761
130,14568,1745522461764
131,8254,1745522466769
132,25506,1745522471771
133,10177,1745522476776
134,5039,1745522481777
135,16636,1745522486780
136,9773,1745522491784
137,24898,1745522496786
138,18811,1745522501789
139,2795,1745522506795
140,11616,1745522511800
141,26208,1745522516804
142,1295,1745522521807
143,16358,1745522526808
144,18712,1745522531811
145,29093,1745522536811
146,12081,1745522541816
147,7851,1745522546815
148,5393,1745522551819
149,10315,1745522556823
150,14734,1745522561824
151,2487,1745522566824
152,748,1745522571828
153,18915,1745522576828
154,13140,1745522581828
155,2236,1745522586831
156,26936,1745522591832
157,7649,1745522596833
158,8447,1745522601838
159,20619,1745522606838
160,711,1745522611837
161,27629,1745522616839
162,22135,1745522621840
163,6025,1745522626845
164,2263,1745522631852
